id,image,name,pack,mrp,price
A001,photos-a/a001.jpg,Item A001,,,
A002,photos-a/a002.jpg,Item A002,,,
A003,photos-a/a003.jpg,Item A003,,,
A004,photos-a/a004.jpg,Item A004,,,
A005,photos-a/a005.jpg,Item A005,,,
A006,photos-a/a006.jpg,Item A006,,,
A007,photos-a/a007.jpg,Item A007,,,
A008,photos-a/a008.jpg,Item A008,,,
A009,photos-a/a009.jpg,Item A009,,,
A010,photos-a/a010.jpg,Item A010,,,
A011,photos-a/a011.jpg,Item A011,,,
A012,photos-a/a012.jpg,Item A012,,,
A013,photos-a/a013.jpg,Item A013,,,
A014,photos-a/a014.jpg,Item A014,,,
A015,photos-a/a015.jpg,Item A015,,,
A016,photos-a/a016.jpg,Item A016,,,
A017,photos-a/a017.jpg,Item A017,,,
A018,photos-a/a018.jpg,Item A018,,,
A019,photos-a/a019.jpg,Item A019,,,
A020,photos-a/a020.jpg,Item A020,,,
A021,photos-a/a021.jpg,Item A021,,,
A022,photos-a/a022.jpg,Item A022,,,
A023,photos-a/a023.jpg,Item A023,,,
A024,photos-a/a024.jpg,Item A024,,,
A025,photos-a/a025.jpg,Item A025,,,
A026,photos-a/a026.jpg,Item A026,,,
A027,photos-a/a027.jpg,Item A027,,,
A028,photos-a/a028.jpg,Item A028,,,
A029,photos-a/a029.jpg,Item A029,,,
A030,photos-a/a030.jpg,Item A030,,,
A031,photos-a/a031.jpg,Item A031,,,
A032,photos-a/a032.jpg,Item A032,,,
A033,photos-a/a033.jpg,Item A033,,,
A034,photos-a/a034.jpg,Item A034,,,
A035,photos-a/a035.jpg,Item A035,,,
A036,photos-a/a036.jpg,Item A036,,,
A037,photos-a/a037.jpg,Item A037,,,
A038,photos-a/a038.jpg,Item A038,,,
A039,photos-a/a039.jpg,Item A039,,,
A040,photos-a/a040.jpg,Item A040,,,
A041,photos-a/a041.jpg,Item A041,,,
A042,photos-a/a042.jpg,Item A042,,,
A043,photos-a/a043.jpg,Item A043,,,
A044,photos-a/a044.jpg,Item A044,,,
A045,photos-a/a045.jpg,Item A045,,,
A046,photos-a/a046.jpg,Item A046,,,
A047,photos-a/a047.jpg,Item A047,,,
B001,photos-b/b001.jpg,Item B001,,,
B002,photos-b/b002.jpg,Item B002,,,
B003,photos-b/b003.jpg,Item B003,,,
B004,photos-b/b004.jpg,Item B004,,,
B005,photos-b/b005.jpg,Item B005,,,
B006,photos-b/b006.jpg,Item B006,,,
B007,photos-b/b007.jpg,Item B007,,,
B008,photos-b/b008.jpg,Item B008,,,
B009,photos-b/b009.jpg,Item B009,,,
B010,photos-b/b010.jpg,Item B010,,,
B011,photos-b/b011.jpg,Item B011,,,
B012,photos-b/b012.jpg,Item B012,,,
B013,photos-b/b013.jpg,Item B013,,,
B014,photos-b/b014.jpg,Item B014,,,
B015,photos-b/b015.jpg,Item B015,,,
B016,photos-b/b016.jpg,Item B016,,,
B017,photos-b/b017.jpg,Item B017,,,
B018,photos-b/b018.jpg,Item B018,,,
B019,photos-b/b019.jpg,Item B019,,,
B020,photos-b/b020.jpg,Item B020,,,
B021,photos-b/b021.jpg,Item B021,,,
B022,photos-b/b022.jpg,Item B022,,,
B023,photos-b/b023.jpg,Item B023,,,
B024,photos-b/b024.jpg,Item B024,,,
B025,photos-b/b025.jpg,Item B025,,,
B026,photos-b/b026.jpg,Item B026,,,
B027,photos-b/b027.jpg,Item B027,,,
B028,photos-b/b028.jpg,Item B028,,,
B029,photos-b/b029.jpg,Item B029,,,
B030,photos-b/b030.jpg,Item B030,,,
B031,photos-b/b031.jpg,Item B031,,,
B032,photos-b/b032.jpg,Item B032,,,
B033,photos-b/b033.jpg,Item B033,,,
B034,photos-b/b034.jpg,Item B034,,,
B035,photos-b/b035.jpg,Item B035,,,
B036,photos-b/b036.jpg,Item B036,,,
B037,photos-b/b037.jpg,Item B037,,,
B038,photos-b/b038.jpg,Item B038,,,
B039,photos-b/b039.jpg,Item B039,,,
B040,photos-b/b040.jpg,Item B040,,,
B041,photos-b/b041.jpg,Item B041,,,
B042,photos-b/b042.jpg,Item B042,,,
B043,photos-b/b043.jpg,Item B043,,,
B044,photos-b/b044.jpg,Item B044,,,
B045,photos-b/b045.jpg,Item B045,,,
B046,photos-b/b046.jpg,Item B046,,,
B047,photos-b/b047.jpg,Item B047,,,
B048,photos-b/b048.jpg,Item B048,,,
B049,photos-b/b049.jpg,Item B049,,,
B050,photos-b/b050.jpg,Item B050,,,
B051,photos-b/b051.jpg,Item B051,,,
B052,photos-b/b052.jpg,Item B052,,,
B053,photos-b/b053.jpg,Item B053,,,
B054,photos-b/b054.jpg,Item B054,,,
B055,photos-b/b055.jpg,Item B055,,,
B056,photos-b/b056.jpg,Item B056,,,
B057,photos-b/b057.jpg,Item B057,,,
B058,photos-b/b058.jpg,Item B058,,,
B059,photos-b/b059.jpg,Item B059,,,
B060,photos-b/b060.jpg,Item B060,,,
B061,photos-b/b061.jpg,Item B061,,,
B062,photos-b/b062.jpg,Item B062,,,
B063,photos-b/b063.jpg,Item B063,,,
B064,photos-b/b064.jpg,Item B064,,,
B065,photos-b/b065.jpg,Item B065,,,
B066,photos-b/b066.jpg,Item B066,,,
B067,photos-b/b067.jpg,Item B067,,,
B068,photos-b/b068.jpg,Item B068,,,
B069,photos-b/b069.jpg,Item B069,,,
B070,photos-b/b070.jpg,Item B070,,,
B071,photos-b/b071.jpg,Item B071,,,
B072,photos-b/b072.jpg,Item B072,,,
B073,photos-b/b073.jpg,Item B073,,,
B074,photos-b/b074.jpg,Item B074,,,
B075,photos-b/b075.jpg,Item B075,,,
B076,photos-b/b076.jpg,Item B076,,,
B077,photos-b/b077.jpg,Item B077,,,
B078,photos-b/b078.jpg,Item B078,,,
B079,photos-b/b079.jpg,Item B079,,,
B080,photos-b/b080.jpg,Item B080,,,
B081,photos-b/b081.jpg,Item B081,,,
B082,photos-b/b082.jpg,Item B082,,,
B083,photos-b/b083.jpg,Item B083,,,
B084,photos-b/b084.jpg,Item B084,,,
B085,photos-b/b085.jpg,Item B085,,,
B086,photos-b/b086.jpg,Item B086,,,
B087,photos-b/b087.jpg,Item B087,,,
B088,photos-b/b088.jpg,Item B088,,,
B089,photos-b/b089.jpg,Item B089,,,
B090,photos-b/b090.jpg,Item B090,,,
B091,photos-b/b091.jpg,Item B091,,,
B092,photos-b/b092.jpg,Item B092,,,
B093,photos-b/b093.jpg,Item B093,,,
B094,photos-b/b094.jpg,Item B094,,,
B095,photos-b/b095.jpg,Item B095,,,
B096,photos-b/b096.jpg,Item B096,,,
